date,time,waiting_time_minutes,checkout_lane_type,number_of_items,store_location,number_of_open_lanes,staff_on_shift
2023-03-01,12:14,45,Regular,33,Location_X,7,6
2023-01-18,21:15,48,Regular,29,Location_X,5,4
2023-08-13,22:33,54,Express,44,Location_X,5,9
2023-08-21,14:31,1,Regular,34,Location_X,5,4
2023-05-12,22:47,4,Express,47,Location_X,8,2
2023-01-01,16:14,4,Regular,45,Location_X,3,4
2023-08-02,13:01,40,Regular,9,Location_X,2,4
2023-01-23,22:24,10,Express,38,Location_X,5,1
2023-08-27,13:05,20,Express,3,Location_X,9,8
2023-01-16,20:02,22,Regular,18,Location_X,5,3
2023-07-03,08:47,51,Regular,16,Location_X,5,1
2023-08-27,09:29,37,Regular,4,Location_X,8,7
2023-10-27,12:05,24,Express,22,Location_X,1,7
2023-03-03,09:25,7,Express,49,Location_X,8,8
2023-04-13,15:02,25,Regular,30,Location_X,9,8
2023-05-30,16:20,25,Regular,38,Location_X,6,2
2023-08-29,13:19,13,Regular,23,Location_X,3,3
2023-04-21,20:49,59,Regular,19,Location_X,7,9
2022-12-10,19:02,2,Regular,8,Location_X,6,6
2023-11-24,19:35,39,Regular,27,Location_X,7,2
2022-12-04,22:21,40,Express,5,Location_X,6,8
2023-03-22,22:22,24,Express,46,Location_X,4,4
2023-04-09,13:38,47,Express,26,Location_X,4,2
2023-04-30,15:25,25,Express,27,Location_X,1,7
2023-10-13,22:14,18,Express,48,Location_X,4,9
2023-11-17,11:50,38,Express,20,Location_X,5,3
2023-03-05,21:52,26,Express,15,Location_X,2,8
2023-04-18,19:20,14,Express,19,Location_X,1,9
2023-03-08,11:22,9,Regular,33,Location_X,4,7
2023-10-17,13:30,10,Regular,28,Location_X,4,9
2023-04-02,10:43,21,Regular,37,Location_X,5,6
2022-12-18,15:08,52,Regular,39,Location_X,7,1
2023-06-28,09:49,17,Regular,21,Location_X,6,1
2023-10-14,17:32,52,Regular,45,Location_X,8,5
2023-05-13,15:46,6,Regular,4,Location_X,2,7
2023-11-06,10:41,16,Express,19,Location_X,6,1
2023-01-03,14:12,48,Regular,14,Location_X,8,5
2023-01-02,12:03,1,Express,32,Location_X,7,3
2023-07-18,10:50,19,Regular,34,Location_X,7,3
2023-08-02,11:40,36,Express,19,Location_X,7,5
2023-04-28,22:39,25,Regular,13,Location_X,2,8
2022-11-27,22:25,50,Express,48,Location_X,9,2
2022-12-18,17:19,52,Express,28,Location_X,5,7
2023-03-05,17:43,30,Regular,40,Location_X,3,5
2023-08-22,22:59,20,Express,35,Location_X,1,7
2023-11-11,15:58,20,Express,8,Location_X,3,9
2023-03-28,15:36,15,Regular,31,Location_X,9,7
2023-08-11,19:44,40,Express,46,Location_X,4,3
2022-12-08,08:27,33,Regular,17,Location_X,8,8
2023-07-31,10:10,2,Regular,2,Location_X,3,5
2023-03-26,12:06,10,Regular,25,Location_X,2,1
2023-05-02,11:14,58,Express,17,Location_X,5,2
2023-09-30,12:21,33,Express,46,Location_X,5,7
2023-03-13,22:13,32,Regular,28,Location_X,5,5
2023-11-05,11:27,11,Regular,38,Location_X,3,1
2023-09-30,09:41,53,Express,25,Location_X,5,1
2023-02-24,22:26,24,Regular,49,Location_X,9,3
2023-08-28,17:49,36,Regular,13,Location_X,8,8
2023-05-07,22:51,12,Express,5,Location_X,9,7
2022-12-17,11:48,51,Regular,49,Location_X,6,7
2023-08-09,21:31,56,Express,47,Location_X,2,8
2023-09-23,12:36,29,Express,41,Location_X,9,8
2023-11-07,22:48,35,Regular,15,Location_X,9,1
2023-05-28,12:49,1,Regular,11,Location_X,7,5
2023-02-23,12:46,1,Express,28,Location_X,1,2
2023-01-03,19:48,37,Express,15,Location_X,1,5
2023-06-14,20:54,54,Express,39,Location_X,3,6
2022-12-20,17:02,6,Regular,14,Location_X,4,1
2023-05-11,20:41,39,Regular,5,Location_X,3,7
2023-11-13,11:40,41,Express,23,Location_X,2,5
2023-01-05,20:20,53,Regular,16,Location_X,6,5
2023-08-08,18:38,18,Regular,30,Location_X,7,2
2023-05-16,09:27,16,Express,15,Location_X,2,8
2023-06-27,13:18,5,Express,43,Location_X,9,1
2023-05-15,16:19,42,Regular,26,Location_X,8,2
2023-05-30,18:56,43,Regular,12,Location_X,8,3
2023-03-10,17:43,59,Regular,32,Location_X,4,9
2023-02-12,09:38,32,Regular,28,Location_X,5,8
2023-11-21,11:04,57,Express,23,Location_X,7,9
2023-01-09,10:10,2,Express,47,Location_X,7,1
2023-02-26,09:01,2,Express,44,Location_X,5,1
2023-04-17,13:20,40,Express,21,Location_X,2,1
2022-12-17,14:43,42,Regular,3,Location_X,3,3
2023-11-15,19:47,58,Regular,26,Location_X,1,7
2023-08-23,19:53,36,Express,1,Location_X,1,9
2023-03-05,20:23,39,Regular,32,Location_X,8,4
2023-02-08,17:13,56,Regular,47,Location_X,7,8
2023-05-17,08:05,12,Express,7,Location_X,3,4
2023-04-27,08:43,47,Regular,19,Location_X,9,4
2022-12-16,12:52,19,Regular,23,Location_X,9,6
2023-05-10,18:46,28,Regular,47,Location_X,3,6
2023-07-03,22:04,1,Express,26,Location_X,2,5
2023-01-14,08:46,15,Regular,14,Location_X,3,9
2023-09-01,16:11,36,Express,13,Location_X,8,3
2023-07-22,21:55,54,Express,38,Location_X,7,9
2023-04-14,18:10,13,Regular,20,Location_X,7,6
2023-02-07,09:32,58,Express,32,Location_X,3,8
2023-01-15,18:53,43,Express,29,Location_X,2,6
2022-12-22,08:18,21,Regular,20,Location_X,6,5
2023-09-16,20:48,12,Regular,41,Location_X,7,5
2023-06-16,13:30,5,Regular,41,Location_X,4,8
2022-11-29,20:53,7,Regular,26,Location_X,5,9
2023-08-15,17:11,5,Regular,48,Location_X,3,9
2023-05-09,15:41,48,Express,30,Location_X,2,6
2023-04-09,15:13,53,Express,29,Location_X,7,7
2023-04-21,14:40,4,Express,43,Location_X,1,7
2023-01-30,17:40,13,Regular,11,Location_X,3,4
2023-04-29,21:59,37,Express,21,Location_X,7,7
2023-09-28,21:32,53,Express,18,Location_X,4,1
2023-07-22,09:38,41,Regular,1,Location_X,8,6
2023-09-05,08:22,15,Express,40,Location_X,6,7
2023-11-19,21:57,16,Regular,39,Location_X,3,6
2023-04-10,14:09,21,Regular,35,Location_X,7,5
2023-07-16,16:53,36,Regular,2,Location_X,7,4
2023-01-27,12:36,59,Regular,49,Location_X,2,1
2023-07-12,09:20,24,Express,23,Location_X,1,6
2023-03-26,08:40,16,Express,46,Location_X,2,2
2023-01-13,18:13,14,Express,23,Location_X,4,6
2023-02-10,10:00,54,Express,40,Location_X,4,2
2022-12-26,13:26,22,Express,29,Location_X,2,2
2023-03-08,08:45,49,Regular,2,Location_X,4,9
2023-06-02,11:29,50,Express,22,Location_X,5,8
2023-10-07,20:15,6,Regular,3,Location_X,4,4
2023-02-07,20:55,42,Express,33,Location_X,6,6
2023-06-29,22:11,36,Express,7,Location_X,7,3
2023-11-27,09:35,1,Express,39,Location_X,9,7
2023-08-31,13:06,32,Express,36,Location_X,6,4
2023-01-10,21:07,6,Express,37,Location_X,6,9
2023-09-01,21:18,31,Regular,24,Location_X,9,5
2022-12-10,17:35,1,Regular,19,Location_X,5,9
2023-11-13,09:15,50,Express,39,Location_X,6,1
2023-07-03,13:22,51,Express,26,Location_X,1,9
2023-09-11,21:41,37,Regular,47,Location_X,4,5
2023-07-23,15:43,35,Regular,16,Location_X,2,1
2023-09-22,11:54,49,Express,28,Location_X,7,6
2023-04-22,18:19,30,Express,22,Location_X,9,6
2023-11-13,08:30,4,Express,2,Location_X,7,3
2023-11-26,10:49,35,Express,10,Location_X,4,5
2023-07-09,14:34,43,Regular,18,Location_X,5,9
2023-02-06,16:43,14,Regular,12,Location_X,6,9
2023-06-05,18:47,49,Regular,1,Location_X,9,5
2023-11-13,15:20,40,Regular,4,Location_X,3,2
2023-01-18,16:33,22,Regular,37,Location_X,4,9
2022-12-07,18:18,10,Regular,21,Location_X,3,9
2023-04-13,12:50,1,Express,20,Location_X,2,9
2023-06-19,10:34,11,Express,48,Location_X,2,4
2023-04-09,22:06,51,Regular,6,Location_X,9,4
2023-05-23,19:28,44,Regular,21,Location_X,7,3
2023-10-09,11:27,59,Regular,5,Location_X,4,6
2023-02-07,21:53,24,Regular,42,Location_X,3,8
2023-02-06,08:52,3,Express,17,Location_X,3,6
2023-01-28,10:58,58,Express,17,Location_X,5,9
2023-04-25,22:38,35,Regular,6,Location_X,8,8
2023-08-16,14:30,36,Regular,33,Location_X,3,1
2023-06-24,08:44,31,Express,23,Location_X,5,3
2023-01-14,20:46,4,Regular,4,Location_X,5,8
2023-07-02,17:12,19,Express,9,Location_X,2,4
2023-08-24,17:20,47,Express,29,Location_X,6,6
2022-12-28,14:21,36,Regular,42,Location_X,4,2
2023-02-05,16:17,21,Regular,11,Location_X,8,6
2023-05-03,15:51,18,Express,39,Location_X,5,2
2023-09-01,17:01,51,Express,29,Location_X,3,2
2023-09-22,10:03,28,Regular,32,Location_X,1,3
2023-07-09,17:40,15,Express,45,Location_X,3,5
2023-09-14,14:31,42,Regular,12,Location_X,3,4
2023-09-12,08:53,59,Regular,35,Location_X,7,2
2023-03-15,08:41,2,Express,28,Location_X,9,2
2023-10-15,15:47,37,Express,8,Location_X,2,3
2023-07-31,20:35,11,Regular,40,Location_X,2,9
2022-12-12,12:54,23,Regular,39,Location_X,2,2
2023-11-21,11:52,44,Express,6,Location_X,1,8
2023-01-02,12:27,41,Regular,10,Location_X,2,9
2023-11-04,10:13,12,Regular,25,Location_X,8,3
2023-04-24,20:40,3,Regular,13,Location_X,1,7
2023-01-12,20:01,52,Express,41,Location_X,7,6
2023-10-28,16:24,17,Express,34,Location_X,6,2
2023-01-17,14:55,33,Express,15,Location_X,9,7
2023-05-14,08:47,55,Regular,46,Location_X,6,3
2023-04-26,08:25,1,Express,16,Location_X,7,6
2023-08-22,12:10,39,Express,5,Location_X,9,7
2023-11-18,12:13,20,Regular,23,Location_X,2,2
2023-10-20,22:48,47,Regular,3,Location_X,5,6
2023-10-21,08:39,43,Express,8,Location_X,6,9
2023-06-30,09:54,52,Express,46,Location_X,1,5
2023-02-14,09:37,57,Express,9,Location_X,6,7
2023-11-11,19:08,41,Express,6,Location_X,7,6
2023-01-21,18:40,14,Regular,40,Location_X,2,7
2023-07-10,18:38,31,Express,16,Location_X,2,1
2023-03-10,09:16,25,Express,16,Location_X,4,3
2023-11-04,09:04,3,Regular,42,Location_X,2,6
2023-11-05,08:20,4,Regular,26,Location_X,7,7
2023-04-04,19:44,31,Express,23,Location_X,1,3
2022-12-03,22:41,35,Express,26,Location_X,8,2
2023-02-15,17:40,44,Express,26,Location_X,7,5
2023-02-18,14:47,14,Express,20,Location_X,5,9
2023-11-26,12:05,49,Express,30,Location_X,3,9
2023-09-22,22:57,41,Regular,10,Location_X,4,4
2023-08-28,11:54,9,Regular,12,Location_X,7,8
2023-09-12,12:32,20,Express,36,Location_X,7,3
2023-04-18,14:45,32,Regular,27,Location_X,3,2
2023-11-14,10:50,9,Express,40,Location_X,2,2
2023-09-13,17:15,27,Regular,19,Location_X,8,2
2023-01-20,09:07,3,Express,9,Location_X,9,7
2023-03-05,17:51,57,Express,2,Location_X,9,4
2023-08-10,08:05,53,Regular,36,Location_X,5,7
2023-06-16,18:37,4,Express,47,Location_X,3,6
2023-08-29,15:42,45,Express,11,Location_X,9,5
2023-02-02,17:14,15,Express,11,Location_X,1,3
2023-09-10,20:21,33,Express,25,Location_X,4,8
2023-04-04,09:18,5,Express,32,Location_X,1,9
2023-05-24,17:39,4,Express,44,Location_X,6,9
2023-02-11,21:12,46,Regular,28,Location_X,8,1
2023-03-28,15:02,12,Regular,14,Location_X,8,8
2023-04-27,16:48,23,Express,15,Location_X,5,9
2023-05-08,18:28,14,Express,6,Location_X,9,9
2023-09-07,10:18,58,Regular,24,Location_X,3,8
2023-04-25,08:41,46,Regular,43,Location_X,6,5
2023-07-28,20:42,12,Regular,40,Location_X,2,7
2023-07-29,21:53,57,Regular,38,Location_X,8,7
2023-07-09,09:53,17,Express,39,Location_X,8,9
2023-08-06,21:11,25,Express,12,Location_X,2,4
2023-04-11,12:45,30,Regular,44,Location_X,6,8
2023-03-27,19:24,22,Regular,25,Location_X,1,9
2023-01-05,14:34,47,Regular,18,Location_X,8,5
2023-03-25,22:02,26,Regular,22,Location_X,9,3
2023-01-18,15:42,17,Express,31,Location_X,5,4
2022-12-28,08:09,58,Regular,19,Location_X,6,1
2022-12-02,18:24,55,Regular,26,Location_X,3,5
2023-09-11,08:14,54,Regular,30,Location_X,1,9
2023-10-18,17:23,20,Express,38,Location_X,9,1
2023-06-03,09:21,34,Express,41,Location_X,7,5
2023-06-27,13:33,41,Express,43,Location_X,6,3
2023-01-31,16:50,33,Regular,32,Location_X,4,7
2022-12-18,13:10,37,Express,40,Location_X,9,3
2023-04-17,19:09,58,Express,12,Location_X,1,3
2023-09-16,15:33,7,Regular,15,Location_X,8,3
2023-10-09,21:15,22,Express,33,Location_X,3,8
2023-04-18,13:03,32,Regular,2,Location_X,9,7
2023-09-22,20:47,14,Express,2,Location_X,8,7
2023-06-25,10:51,8,Express,37,Location_X,7,1
2023-10-11,11:41,57,Regular,26,Location_X,1,3
2023-10-29,12:31,25,Regular,13,Location_X,6,2
2023-09-23,14:12,16,Express,9,Location_X,3,5
2023-01-25,14:12,42,Express,13,Location_X,7,7
2023-03-03,14:30,19,Regular,25,Location_X,9,4
2023-08-16,21:15,41,Express,20,Location_X,5,9
2023-01-05,13:15,55,Regular,4,Location_X,1,8
2023-04-01,18:26,16,Regular,11,Location_X,4,6
2023-04-06,16:42,12,Regular,8,Location_X,5,1
2022-12-07,20:18,39,Express,29,Location_X,2,3
2023-03-07,11:57,48,Express,15,Location_X,9,2
2023-07-24,14:07,30,Express,9,Location_X,3,1
2023-03-05,19:33,58,Express,47,Location_X,9,6
2023-02-12,20:57,2,Express,36,Location_X,9,8
2022-12-23,20:50,32,Regular,36,Location_X,8,4
2023-11-16,08:36,55,Express,18,Location_X,4,5
2023-06-22,18:32,45,Regular,24,Location_X,7,5
2023-09-26,11:13,25,Regular,13,Location_X,4,8
2023-07-15,11:34,25,Express,46,Location_X,8,2
2023-10-27,14:57,4,Regular,8,Location_X,8,8
2023-11-13,10:29,19,Express,48,Location_X,3,8
2023-02-27,09:45,48,Regular,47,Location_X,8,9
2023-05-22,16:28,4,Regular,40,Location_X,9,6
2023-06-18,18:10,43,Regular,31,Location_X,5,7
2023-11-14,16:23,13,Express,20,Location_X,4,2
2023-06-19,14:22,39,Express,43,Location_X,1,1
2023-08-29,14:05,36,Express,46,Location_X,3,1
2023-05-19,08:40,23,Express,2,Location_X,6,1
2023-06-16,13:44,6,Regular,44,Location_X,5,3
2023-08-09,18:51,24,Express,19,Location_X,3,4
2023-03-15,10:57,44,Express,15,Location_X,8,2
2023-01-10,15:07,33,Regular,26,Location_X,4,7
2023-11-05,19:08,12,Regular,38,Location_X,8,5
2023-04-25,11:09,41,Express,9,Location_X,4,1
2023-03-15,21:00,21,Regular,35,Location_X,2,9
2023-10-09,18:48,11,Express,27,Location_X,5,9
2023-07-27,14:11,55,Regular,12,Location_X,6,7
2023-07-03,09:24,44,Express,45,Location_X,4,5
2023-03-23,19:16,38,Regular,12,Location_X,3,6
2023-05-15,11:41,29,Express,41,Location_X,2,6
2023-05-21,12:29,48,Regular,37,Location_X,4,8
2023-01-09,12:42,41,Express,13,Location_X,5,8
2023-01-15,11:31,3,Express,18,Location_X,5,4
2023-05-26,10:38,28,Express,32,Location_X,7,6
2023-10-01,16:25,20,Express,11,Location_X,4,6
2023-10-27,21:24,26,Express,49,Location_X,8,5
2023-06-28,22:32,24,Express,11,Location_X,5,1
2023-03-25,11:04,54,Regular,12,Location_X,1,6
2022-12-26,18:24,52,Express,30,Location_X,1,7
2023-08-22,22:27,47,Regular,35,Location_X,1,8
2023-08-24,16:08,21,Express,11,Location_X,1,1
2023-07-26,18:22,54,Regular,13,Location_X,5,9
2023-05-07,13:46,30,Express,40,Location_X,6,1
2022-12-11,10:58,4,Regular,49,Location_X,6,8
2023-01-18,17:23,36,Express,11,Location_X,3,9
2022-12-05,09:45,40,Regular,3,Location_X,1,9
2023-04-22,16:42,10,Express,48,Location_X,8,5
2023-11-17,21:32,10,Regular,12,Location_X,2,1
2023-04-02,17:10,42,Regular,47,Location_X,1,4
2023-05-20,14:55,24,Regular,42,Location_X,8,7
2022-11-29,18:16,4,Express,28,Location_X,7,9
2023-11-24,21:51,47,Regular,4,Location_X,8,4
2023-04-14,12:24,27,Express,17,Location_X,1,5
2023-06-10,15:55,51,Express,1,Location_X,5,5
2023-06-18,17:01,45,Express,14,Location_X,9,5
2023-03-08,08:03,4,Express,39,Location_X,6,2
2023-04-15,16:02,32,Regular,5,Location_X,3,4
2023-04-08,09:33,10,Express,4,Location_X,6,9
2023-02-02,08:03,11,Regular,20,Location_X,5,9
2023-11-05,11:18,28,Express,18,Location_X,2,4
2022-12-07,09:28,46,Regular,17,Location_X,1,3
2023-08-26,18:29,8,Express,8,Location_X,3,2
2023-04-20,16:20,40,Express,25,Location_X,6,5
2023-05-17,21:19,22,Regular,12,Location_X,5,8
2023-03-16,09:03,34,Express,23,Location_X,3,7
2023-02-15,21:47,45,Express,28,Location_X,8,9
2023-02-23,14:35,35,Express,3,Location_X,4,1
2023-02-25,16:36,35,Express,9,Location_X,6,2
2022-12-17,16:06,25,Express,9,Location_X,7,2
2023-05-07,11:51,34,Express,26,Location_X,5,4
2023-04-14,09:54,6,Express,39,Location_X,9,8
2023-09-08,12:00,41,Express,34,Location_X,1,9
2023-08-13,20:44,37,Regular,25,Location_X,1,5
2023-09-20,17:15,1,Express,22,Location_X,3,7
2023-07-30,12:30,12,Regular,5,Location_X,7,3
2023-08-27,08:47,35,Express,32,Location_X,2,7
2023-09-18,09:00,6,Regular,12,Location_X,6,1
2023-10-12,16:05,54,Regular,38,Location_X,6,1
2022-11-29,16:30,17,Regular,8,Location_X,3,3
2023-01-02,09:54,9,Express,23,Location_X,4,1
2023-01-08,10:29,2,Express,43,Location_X,4,6
2023-03-13,20:08,18,Regular,32,Location_X,4,1
2023-01-21,21:20,49,Express,10,Location_X,9,5
2023-02-07,18:53,36,Express,19,Location_X,6,8
2022-12-13,15:27,57,Regular,24,Location_X,6,8
2023-09-28,09:36,28,Express,20,Location_X,2,2
2023-09-26,11:00,41,Regular,26,Location_X,9,9
2023-09-20,18:16,53,Regular,6,Location_X,8,7
2023-04-24,09:55,37,Express,26,Location_X,8,6
2023-11-01,13:55,49,Regular,46,Location_X,2,2
2023-08-22,21:09,26,Express,48,Location_X,1,6
2023-10-16,17:30,4,Express,25,Location_X,5,5
2023-08-14,19:21,40,Express,45,Location_X,7,3
2023-01-25,16:24,36,Express,27,Location_X,1,7
2023-09-02,21:04,51,Regular,44,Location_X,4,2
2023-11-21,21:07,31,Express,33,Location_X,4,2
2023-03-01,17:28,30,Express,31,Location_X,5,8
2022-12-06,08:17,50,Express,15,Location_X,2,6
2023-03-03,10:39,34,Regular,8,Location_X,1,5
2023-07-30,16:12,19,Regular,33,Location_X,5,2
2023-01-17,20:28,18,Express,2,Location_X,7,6
2023-11-05,20:56,30,Express,48,Location_X,9,8
2023-03-03,19:49,21,Express,46,Location_X,3,9
2023-11-16,16:02,3,Express,44,Location_X,2,3
2023-08-17,09:32,6,Express,27,Location_X,3,5
2023-10-23,19:35,38,Regular,16,Location_X,2,8
2023-04-25,13:46,13,Express,5,Location_X,1,3
2023-02-17,18:36,45,Regular,11,Location_X,2,9
2023-08-05,09:36,54,Regular,22,Location_X,7,3
2023-02-11,09:48,3,Express,40,Location_X,5,2
2023-09-08,16:24,48,Regular,43,Location_X,5,9
2023-11-22,10:25,28,Express,44,Location_X,6,8
2022-12-21,13:09,22,Regular,31,Location_X,4,2
2023-04-15,17:42,40,Regular,23,Location_X,7,4
2023-05-16,14:24,40,Express,1,Location_X,1,6
2023-10-29,19:39,12,Regular,18,Location_X,3,9
2023-10-04,12:49,23,Express,13,Location_X,1,2
2023-08-10,21:45,31,Express,28,Location_X,8,4
2022-12-10,08:18,18,Express,44,Location_X,8,2
2023-08-15,09:08,7,Express,48,Location_X,2,3
2023-10-13,13:30,8,Express,23,Location_X,5,8
2023-08-18,08:58,19,Express,32,Location_X,9,6
2022-11-30,21:34,29,Regular,35,Location_X,1,9
2022-12-18,14:17,44,Regular,35,Location_X,4,6
2023-10-26,20:28,20,Express,43,Location_X,5,4
2023-01-25,17:57,50,Regular,5,Location_X,7,3
2023-07-28,09:42,42,Regular,37,Location_X,2,6
2023-02-20,19:45,30,Express,20,Location_X,4,5
2023-02-15,11:48,47,Regular,45,Location_X,4,9
2023-09-24,08:43,22,Express,18,Location_X,3,2
2022-12-29,19:35,10,Express,49,Location_X,5,1
2023-07-05,21:17,26,Regular,48,Location_X,5,9
2023-07-22,17:36,51,Express,7,Location_X,5,9
2023-01-20,10:09,33,Express,7,Location_X,6,5
2023-08-20,12:11,28,Express,49,Location_X,9,1
2023-08-19,22:40,10,Express,10,Location_X,4,5
2022-12-05,19:57,29,Regular,29,Location_X,7,3
2023-02-07,10:07,44,Express,14,Location_X,6,8
2023-01-06,11:40,18,Regular,10,Location_X,4,5
2023-02-03,22:31,42,Express,22,Location_X,4,5
2023-05-05,20:34,59,Regular,3,Location_X,8,6
2023-08-06,18:20,1,Regular,10,Location_X,1,7
2023-02-26,12:04,23,Express,47,Location_X,8,4
2023-03-24,10:10,17,Regular,37,Location_X,5,8
2023-04-01,13:04,43,Express,29,Location_X,1,1
2023-06-28,15:58,37,Express,1,Location_X,6,5
2023-03-19,13:41,31,Regular,11,Location_X,4,5
2022-11-27,12:29,25,Regular,14,Location_X,7,6
2023-07-19,10:45,53,Regular,44,Location_X,8,9
2023-01-28,15:04,4,Regular,3,Location_X,1,6
2023-05-05,11:32,52,Express,38,Location_X,4,7
2023-05-28,17:17,9,Regular,8,Location_X,3,2
2023-01-14,10:39,57,Express,24,Location_X,1,5
2023-02-11,21:21,28,Regular,31,Location_X,8,6
2023-08-09,15:08,30,Regular,18,Location_X,1,4
2022-12-05,22:42,47,Express,4,Location_X,8,7
2023-03-01,10:43,24,Regular,48,Location_X,3,9
2023-11-16,14:48,33,Express,35,Location_X,1,8
2023-07-19,10:04,20,Regular,17,Location_X,3,5
2022-12-29,10:52,9,Regular,19,Location_X,7,8
2023-08-27,15:18,8,Express,43,Location_X,1,9
2023-11-19,16:36,24,Express,19,Location_X,9,2
2023-02-08,19:29,14,Express,29,Location_X,4,5
2023-02-16,19:06,59,Express,36,Location_X,4,6
2023-04-23,16:52,18,Express,27,Location_X,7,6
2023-05-26,17:24,57,Express,40,Location_X,7,4
2023-08-25,08:47,53,Express,43,Location_X,7,9
2023-02-04,08:35,56,Regular,47,Location_X,5,4
2023-06-26,18:04,1,Express,6,Location_X,3,6
2023-07-07,14:10,12,Regular,29,Location_X,6,4
2023-05-21,08:44,29,Regular,44,Location_X,5,5
2023-05-31,19:33,37,Express,20,Location_X,3,7
2023-04-30,20:14,26,Regular,11,Location_X,1,2
2023-06-05,20:14,33,Regular,11,Location_X,2,8
2023-10-03,15:06,43,Express,10,Location_X,6,7
2023-07-08,11:49,15,Regular,28,Location_X,6,6
2023-09-30,15:58,23,Express,36,Location_X,9,3
2023-08-31,15:26,29,Regular,12,Location_X,5,4
2023-11-15,10:37,21,Regular,33,Location_X,1,6
2023-01-14,15:00,19,Express,39,Location_X,7,9
2023-02-01,14:45,5,Regular,32,Location_X,2,4
2023-11-22,15:57,23,Regular,23,Location_X,2,2
2022-12-22,18:56,36,Express,28,Location_X,4,7
2023-08-24,13:56,59,Express,22,Location_X,1,8
2023-06-21,15:42,20,Regular,34,Location_X,4,9
2023-03-23,17:05,8,Regular,45,Location_X,2,2
2023-10-13,21:41,9,Express,42,Location_X,4,8
2023-02-06,10:25,14,Regular,44,Location_X,2,4
2023-06-18,16:04,6,Express,36,Location_X,5,8
2023-07-06,15:48,1,Express,42,Location_X,8,5
2023-06-07,12:44,9,Regular,24,Location_X,7,2
2023-04-17,10:13,16,Express,41,Location_X,5,2
2023-06-23,13:03,16,Express,24,Location_X,6,9
2022-12-24,19:05,54,Regular,9,Location_X,7,3
2023-08-29,14:37,12,Express,42,Location_X,1,1
2023-10-06,16:02,5,Regular,46,Location_X,5,9
2023-05-13,09:46,40,Regular,48,Location_X,4,6
2023-04-16,11:46,29,Regular,16,Location_X,8,6
2023-11-03,21:41,46,Express,37,Location_X,1,4
2022-12-18,15:45,27,Regular,2,Location_X,1,1
2023-04-11,15:01,11,Regular,31,Location_X,9,2
2022-12-25,22:22,53,Regular,38,Location_X,4,8
2022-12-30,10:11,47,Regular,43,Location_X,7,5
2023-04-25,10:04,50,Express,1,Location_X,6,5
2023-06-18,17:51,28,Express,20,Location_X,8,5
2023-09-17,21:32,52,Regular,7,Location_X,4,5
2023-02-26,20:08,36,Express,30,Location_X,3,6
2023-03-19,08:01,42,Express,4,Location_X,9,7
2023-06-10,16:13,19,Express,32,Location_X,2,9
2023-02-26,11:21,54,Regular,30,Location_X,4,5
2023-05-01,21:54,35,Express,17,Location_X,9,5
2022-12-14,21:22,52,Express,4,Location_X,4,8
2023-10-09,17:04,31,Express,27,Location_X,6,8
2023-10-20,08:03,54,Express,7,Location_X,2,5
2023-04-21,17:34,59,Express,42,Location_X,3,6
2022-12-20,09:22,44,Regular,38,Location_X,7,8
2023-03-15,13:59,56,Express,12,Location_X,4,5
2023-04-15,21:42,19,Express,18,Location_X,3,6
2023-02-12,16:42,46,Regular,44,Location_X,6,2
2023-02-14,22:55,24,Regular,4,Location_X,4,5
2023-08-22,10:25,2,Regular,21,Location_X,6,1
2022-12-22,16:25,7,Regular,28,Location_X,2,2
2023-07-22,15:39,43,Express,29,Location_X,2,4
2023-06-23,13:53,54,Express,15,Location_X,6,3
2023-08-01,09:19,49,Express,15,Location_X,9,1
2022-12-02,08:38,31,Express,17,Location_X,4,8
2023-05-17,11:35,17,Express,36,Location_X,3,3
2023-07-01,13:58,27,Regular,39,Location_X,3,1
2023-03-28,21:09,36,Express,44,Location_X,5,2
2023-11-20,22:57,59,Regular,28,Location_X,8,9
2023-04-19,13:12,50,Regular,39,Location_X,9,2
2023-04-20,10:09,43,Regular,24,Location_X,9,2
2023-07-01,16:20,10,Express,21,Location_X,6,6
2023-04-14,15:40,45,Express,24,Location_X,6,7
2023-06-16,18:38,14,Regular,35,Location_X,4,7
2023-05-21,12:47,58,Regular,33,Location_X,8,9
2023-01-30,16:49,7,Regular,2,Location_X,7,2
2023-02-05,14:43,39,Regular,23,Location_X,1,6
2023-07-15,11:16,40,Regular,22,Location_X,9,6
2023-05-11,22:59,9,Regular,5,Location_X,6,7
2023-06-07,22:55,14,Express,46,Location_X,6,1
2023-10-17,12:09,57,Regular,41,Location_X,4,4
2023-04-10,08:32,8,Regular,40,Location_X,9,8
2023-04-13,08:43,17,Regular,25,Location_X,8,3
2022-12-08,22:51,57,Regular,23,Location_X,5,1
2023-09-30,14:07,23,Regular,18,Location_X,8,8
2023-06-28,13:03,57,Express,27,Location_X,2,8
2023-08-13,17:19,16,Regular,9,Location_X,4,7
2023-07-20,17:02,26,Express,6,Location_X,6,8
2023-05-01,21:01,9,Regular,34,Location_X,9,1
2023-06-20,10:38,36,Regular,23,Location_X,6,7
2023-05-26,13:54,7,Express,19,Location_X,9,1
2023-10-18,10:46,18,Regular,11,Location_X,8,3
2023-10-15,19:32,8,Express,30,Location_X,4,7
2023-06-07,20:03,21,Express,12,Location_X,6,9
2023-10-07,22:49,26,Express,31,Location_X,7,9
2023-10-15,14:19,3,Express,8,Location_X,6,7
2023-08-16,13:46,17,Express,31,Location_X,4,4
2023-05-18,20:05,57,Express,43,Location_X,3,3
2023-05-08,12:10,51,Regular,22,Location_X,4,4
2023-01-30,14:52,46,Express,8,Location_X,2,2
2023-01-16,15:29,24,Regular,26,Location_X,7,5
2023-01-02,17:41,25,Regular,45,Location_X,4,1
2023-11-07,08:46,5,Express,20,Location_X,8,9
2023-10-15,15:51,37,Express,26,Location_X,8,3
2023-05-14,14:46,45,Express,46,Location_X,6,7
2023-01-10,08:37,50,Regular,43,Location_X,3,8
2023-09-01,13:43,24,Express,4,Location_X,2,8
2023-06-01,18:37,31,Express,21,Location_X,8,9
2023-08-12,20:42,55,Regular,20,Location_X,6,1
2023-03-19,15:19,26,Express,38,Location_X,1,3
2023-08-17,13:38,21,Regular,34,Location_X,4,2
2023-11-17,19:21,34,Express,45,Location_X,8,7
2023-06-05,21:37,38,Regular,26,Location_X,2,4
2023-03-12,19:08,58,Express,8,Location_X,1,7
2023-05-04,14:47,24,Regular,38,Location_X,9,8
2023-06-27,10:34,28,Express,21,Location_X,2,5
2023-03-09,12:32,30,Express,35,Location_X,8,1
2023-01-09,19:47,34,Regular,17,Location_X,8,9
2023-07-26,18:58,52,Express,46,Location_X,7,3
2023-07-23,17:11,54,Express,41,Location_X,1,4
2023-10-29,10:37,56,Regular,40,Location_X,6,3
2023-10-20,15:47,52,Regular,34,Location_X,6,9
2023-06-04,15:54,23,Express,34,Location_X,7,1
2022-11-30,11:56,55,Regular,2,Location_X,6,7
2023-06-15,20:58,8,Express,10,Location_X,4,7
2023-09-29,08:50,42,Express,24,Location_X,4,6
2023-07-31,16:09,50,Regular,5,Location_X,9,8
2023-04-21,11:35,10,Regular,25,Location_X,4,4
2023-02-08,13:11,55,Express,7,Location_X,4,7
2023-08-14,08:37,1,Regular,34,Location_X,4,9
2023-06-06,12:52,20,Express,25,Location_X,7,6
2022-12-19,14:33,57,Regular,11,Location_X,5,3
2023-10-17,13:13,37,Express,30,Location_X,3,9
2023-02-28,11:43,18,Express,48,Location_X,6,2
2023-03-06,19:35,21,Express,29,Location_X,2,5
2022-12-18,11:32,54,Express,25,Location_X,9,1
2023-06-17,12:49,49,Express,4,Location_X,9,5
2023-08-11,09:04,4,Express,19,Location_X,6,8
2023-01-08,17:04,43,Express,22,Location_X,9,1
2023-03-01,11:43,2,Regular,7,Location_X,4,2
2023-02-23,20:35,21,Regular,21,Location_X,1,5
2022-11-30,19:35,37,Regular,22,Location_X,7,1
2023-08-03,18:24,5,Express,28,Location_X,4,1
2023-10-26,09:38,17,Regular,27,Location_X,2,1
2023-06-19,09:47,49,Regular,26,Location_X,8,4
2023-09-06,17:39,48,Regular,1,Location_X,9,9
2023-09-26,09:13,11,Regular,47,Location_X,4,7
2023-05-28,10:59,46,Express,4,Location_X,8,3
2023-04-06,19:32,41,Express,38,Location_X,7,1
2023-06-28,18:44,31,Regular,8,Location_X,8,7
2023-11-06,10:27,28,Express,17,Location_X,7,6
2023-01-14,15:23,44,Express,12,Location_X,7,7
2023-10-09,16:01,32,Express,12,Location_X,8,2
2023-03-02,14:33,21,Express,45,Location_X,9,5
2023-06-08,15:09,7,Express,3,Location_X,6,5
2023-10-01,10:36,10,Regular,6,Location_X,7,3
2023-04-22,14:24,28,Express,18,Location_X,4,3
2022-12-11,18:23,48,Regular,15,Location_X,8,5
2023-05-14,22:11,36,Express,6,Location_X,3,4
2023-07-24,20:36,20,Regular,15,Location_X,8,4
2022-12-05,21:37,13,Regular,18,Location_X,9,7
2023-04-14,22:07,19,Express,42,Location_X,3,1
2023-08-26,10:26,50,Regular,47,Location_X,4,9
2023-09-16,21:43,11,Express,45,Location_X,2,6
2023-04-29,21:21,35,Regular,31,Location_X,9,6
2023-05-23,15:38,34,Regular,35,Location_X,2,3
2023-02-18,18:48,44,Express,4,Location_X,1,1
2023-08-29,12:55,4,Regular,1,Location_X,1,5
2023-02-19,15:12,13,Express,30,Location_X,6,1
2023-03-03,17:17,37,Regular,45,Location_X,2,6
2023-09-22,17:06,59,Express,45,Location_X,6,3
2023-06-02,19:06,2,Regular,45,Location_X,1,4
2022-12-16,09:48,50,Regular,1,Location_X,4,3
2023-01-17,15:48,1,Express,18,Location_X,9,9
2023-04-23,13:50,40,Express,30,Location_X,1,1
2023-02-18,16:29,25,Regular,28,Location_X,9,7
2023-06-23,15:47,59,Express,35,Location_X,5,1
2023-04-15,20:12,37,Regular,37,Location_X,7,2
2023-09-02,14:25,36,Regular,22,Location_X,1,4
2023-07-29,20:51,6,Regular,31,Location_X,2,6
2023-09-29,12:03,7,Express,38,Location_X,8,2
2023-07-21,21:00,4,Express,18,Location_X,3,3
2023-06-23,08:29,35,Express,39,Location_X,7,1
2023-03-09,12:44,58,Regular,16,Location_X,4,6
2023-09-12,22:44,41,Regular,2,Location_X,5,7
2023-03-22,12:04,34,Regular,16,Location_X,5,2
2023-03-06,21:21,29,Express,42,Location_X,6,3
2023-11-03,10:00,5,Regular,23,Location_X,1,7
2023-08-24,15:12,27,Express,46,Location_X,1,7
2023-07-02,19:30,33,Express,18,Location_X,9,8
2023-01-16,21:17,57,Express,45,Location_X,7,1
2023-01-12,12:23,46,Express,23,Location_X,7,6
2023-07-18,09:30,52,Express,14,Location_X,5,5
2023-08-31,21:44,10,Regular,48,Location_X,9,8
2023-01-22,15:12,54,Regular,3,Location_X,1,5
2023-07-09,09:33,6,Regular,12,Location_X,8,7
2023-07-18,14:46,34,Regular,10,Location_X,6,7
2023-04-21,16:16,8,Express,41,Location_X,7,9
2023-09-19,19:38,31,Express,48,Location_X,4,7
2022-12-04,14:07,9,Express,5,Location_X,1,1
2022-12-30,12:57,55,Regular,11,Location_X,5,3
2023-04-21,10:02,21,Regular,7,Location_X,3,1
2023-06-29,10:28,8,Express,45,Location_X,2,1
2023-01-19,22:02,4,Regular,9,Location_X,8,9
2022-12-17,11:46,22,Regular,9,Location_X,2,5
2023-01-04,09:42,28,Regular,9,Location_X,1,1
2023-11-15,08:01,45,Express,45,Location_X,3,2
2023-01-06,22:34,4,Regular,38,Location_X,8,1
2023-05-26,17:56,39,Express,19,Location_X,9,9
2023-08-01,09:48,21,Regular,3,Location_X,9,6
2023-08-07,17:31,8,Express,6,Location_X,1,3
2023-03-18,10:46,20,Regular,30,Location_X,7,9
2023-06-15,11:56,32,Regular,38,Location_X,6,1
2023-05-08,08:11,1,Express,37,Location_X,5,6
2022-12-20,22:19,6,Express,43,Location_X,8,1
2023-10-10,18:26,28,Express,30,Location_X,5,9
2023-06-24,18:32,44,Regular,28,Location_X,1,6
2023-06-03,17:54,31,Express,18,Location_X,7,7
2023-09-27,14:20,10,Regular,12,Location_X,5,5
2023-04-05,19:05,20,Express,9,Location_X,7,5
2023-07-20,14:59,8,Regular,25,Location_X,5,3
2023-05-05,09:42,22,Regular,4,Location_X,1,5
2022-12-02,15:53,38,Regular,49,Location_X,3,1
2023-07-14,20:22,29,Express,12,Location_X,9,9
2023-02-09,14:26,9,Regular,16,Location_X,8,2
2023-10-26,17:02,44,Express,4,Location_X,9,8
2023-04-29,09:10,47,Regular,37,Location_X,7,5
2023-07-12,22:20,1,Regular,40,Location_X,5,2
2023-01-10,11:16,41,Regular,22,Location_X,5,1
2023-10-08,19:38,52,Regular,30,Location_X,9,6
2023-08-24,16:30,39,Express,4,Location_X,5,2
2023-09-12,19:33,26,Regular,12,Location_X,6,9
2022-12-23,21:44,11,Regular,16,Location_X,4,2
2022-12-27,16:03,52,Express,46,Location_X,5,7
2023-11-04,16:35,35,Regular,27,Location_X,3,1
2023-01-05,19:48,24,Express,16,Location_X,3,1
2023-04-11,11:03,33,Express,34,Location_X,8,3
2023-06-29,10:03,20,Regular,12,Location_X,6,1
2023-08-15,22:17,27,Regular,6,Location_X,3,8
2023-10-12,18:50,15,Express,31,Location_X,2,3
2023-03-16,13:42,33,Express,5,Location_X,5,8
2023-08-27,16:52,52,Express,33,Location_X,5,6
2023-02-02,14:01,7,Express,38,Location_X,2,5
2023-08-12,18:43,34,Express,44,Location_X,9,1
2023-05-21,22:57,45,Express,46,Location_X,3,8
2023-07-06,17:49,58,Express,30,Location_X,6,9
2023-02-27,11:10,51,Express,28,Location_X,9,2
2022-12-19,15:32,46,Regular,40,Location_X,3,4
2023-06-12,15:56,42,Express,28,Location_X,5,3
2023-02-26,15:41,5,Regular,30,Location_X,7,3
2023-09-14,14:36,58,Regular,9,Location_X,2,6
2022-12-27,21:05,30,Express,12,Location_X,3,8
2023-02-02,17:15,28,Express,34,Location_X,7,2
2023-08-09,18:36,18,Regular,15,Location_X,3,6
2022-12-06,08:12,36,Regular,39,Location_X,1,4
2022-12-02,21:28,3,Express,12,Location_X,1,6
2023-01-13,19:46,21,Express,11,Location_X,7,7
2023-01-04,20:01,46,Express,26,Location_X,7,4
2023-01-15,19:13,58,Express,33,Location_X,3,7
2023-08-23,16:41,16,Regular,41,Location_X,4,8
2023-03-30,21:36,56,Regular,7,Location_X,3,6
2022-12-28,15:57,37,Regular,31,Location_X,1,7
2023-06-21,08:13,42,Regular,23,Location_X,7,6
2023-04-28,08:18,5,Regular,12,Location_X,2,8
2023-02-10,14:39,50,Regular,36,Location_X,5,6
2023-06-10,22:26,51,Regular,21,Location_X,5,4
2023-03-02,22:22,14,Express,5,Location_X,3,4
2023-01-13,22:35,31,Express,5,Location_X,6,5
2023-06-21,20:12,46,Express,30,Location_X,3,1
2023-06-04,19:26,24,Express,28,Location_X,4,2
2023-07-05,16:43,35,Regular,48,Location_X,3,4
2023-04-10,16:30,36,Regular,20,Location_X,4,4
2023-02-26,13:47,10,Express,41,Location_X,9,4
2023-09-14,22:34,27,Regular,27,Location_X,3,9
2023-03-08,08:58,56,Regular,27,Location_X,5,9
2023-08-20,13:05,27,Regular,10,Location_X,8,4
2023-09-22,16:21,55,Regular,32,Location_X,4,9
2023-06-05,12:02,23,Express,31,Location_X,4,5
2023-05-06,11:14,13,Express,18,Location_X,4,1
2023-10-06,21:10,16,Express,8,Location_X,7,7
2023-11-19,15:04,35,Express,36,Location_X,3,9
2023-05-29,12:33,27,Regular,10,Location_X,6,7
2023-04-20,14:04,52,Express,29,Location_X,9,4
2023-03-08,09:29,39,Regular,48,Location_X,8,9
2023-09-01,18:25,47,Express,49,Location_X,4,3
2023-11-26,11:42,17,Regular,8,Location_X,4,9
2023-02-13,11:07,48,Express,4,Location_X,8,9
2023-02-15,15:24,59,Regular,8,Location_X,3,9
2023-09-29,18:48,41,Regular,9,Location_X,3,3
2023-11-01,14:48,1,Regular,38,Location_X,1,6
2023-08-01,13:08,11,Regular,6,Location_X,8,7
2023-04-19,14:31,12,Regular,34,Location_X,1,6
2023-11-05,13:22,14,Regular,29,Location_X,6,9
2023-02-10,17:32,8,Regular,47,Location_X,5,6
2023-02-08,08:38,31,Regular,39,Location_X,9,9
2023-10-14,10:36,7,Regular,9,Location_X,7,3
2023-03-12,10:51,46,Express,2,Location_X,5,1
2023-03-14,09:58,54,Express,3,Location_X,2,3
2023-05-04,17:22,31,Express,17,Location_X,7,1
2023-06-29,17:25,16,Express,3,Location_X,6,3
2023-07-03,22:10,42,Express,12,Location_X,9,1
2022-12-31,10:14,39,Regular,32,Location_X,8,9
2023-11-23,11:20,54,Express,11,Location_X,5,1
2023-03-17,13:11,44,Express,21,Location_X,3,5
2023-06-08,18:54,19,Regular,37,Location_X,3,5
2023-03-16,19:32,8,Express,15,Location_X,1,4
2023-03-26,17:08,29,Express,8,Location_X,2,6
2023-09-03,20:00,2,Regular,30,Location_X,5,3
2022-12-24,18:24,42,Express,6,Location_X,5,5
2023-10-27,14:43,3,Express,15,Location_X,4,1
2023-07-06,18:15,51,Regular,47,Location_X,1,6
2023-06-03,12:49,29,Regular,16,Location_X,6,6
2023-08-06,11:49,15,Regular,33,Location_X,9,8
2023-03-11,08:11,38,Regular,24,Location_X,9,8
2023-04-17,13:58,28,Express,28,Location_X,8,2
2023-05-17,17:44,55,Express,7,Location_X,3,3
2023-03-18,14:58,37,Express,10,Location_X,6,9
2023-03-14,22:20,32,Regular,2,Location_X,2,8
2023-09-08,12:53,30,Express,12,Location_X,6,9
2023-04-05,11:53,51,Regular,24,Location_X,3,2
2023-08-22,17:18,47,Express,7,Location_X,2,4
2023-03-31,22:38,30,Regular,41,Location_X,3,3
2023-06-27,09:23,51,Express,37,Location_X,7,9
2023-07-27,13:13,34,Express,13,Location_X,8,8
2023-02-10,09:32,13,Regular,36,Location_X,5,2
2023-09-25,22:14,33,Regular,6,Location_X,7,7
2023-09-03,12:29,42,Regular,13,Location_X,2,1
2022-12-31,19:44,17,Express,19,Location_X,6,9
2022-12-05,21:16,3,Express,1,Location_X,8,5
2023-06-29,22:15,9,Regular,2,Location_X,6,7
2023-04-02,15:43,52,Regular,21,Location_X,5,7
2023-06-10,08:33,11,Regular,14,Location_X,9,2
2023-03-31,14:46,49,Regular,27,Location_X,3,4
2023-06-17,20:21,27,Express,49,Location_X,7,1
2023-01-21,12:10,28,Regular,44,Location_X,2,8
2023-06-08,20:54,57,Regular,22,Location_X,9,2
2023-07-18,20:54,57,Express,15,Location_X,8,8
2023-11-10,21:23,2,Express,14,Location_X,2,2
2023-01-01,20:21,1,Regular,41,Location_X,2,6
2023-02-15,15:14,6,Express,4,Location_X,2,6
2023-05-30,19:11,25,Regular,42,Location_X,8,7
2023-03-13,12:45,35,Express,18,Location_X,9,8
2023-06-16,20:36,16,Express,6,Location_X,4,8
2023-07-17,08:59,4,Regular,27,Location_X,6,9
2023-05-05,19:34,47,Express,28,Location_X,2,5
2023-05-06,20:05,38,Regular,44,Location_X,2,6
2023-09-12,08:28,44,Regular,46,Location_X,1,9
2023-01-08,11:29,20,Express,42,Location_X,8,7
2023-03-15,18:31,25,Express,14,Location_X,7,9
2023-07-10,14:05,7,Regular,46,Location_X,3,6
2023-10-11,17:22,21,Express,49,Location_X,7,9
2023-07-15,14:12,7,Express,18,Location_X,5,9
2023-10-30,19:49,29,Express,23,Location_X,2,5
2023-04-26,19:39,52,Regular,32,Location_X,1,6
2023-08-05,09:11,7,Express,26,Location_X,5,3
2023-10-26,09:19,3,Express,29,Location_X,5,2
2023-03-03,21:49,29,Regular,14,Location_X,8,2
2022-12-23,08:19,29,Express,8,Location_X,1,8
2023-07-24,22:47,39,Regular,27,Location_X,1,8
2023-04-13,18:15,38,Regular,18,Location_X,8,1
2023-05-31,09:50,6,Regular,5,Location_X,1,7
2023-01-24,18:18,46,Regular,44,Location_X,7,4
2023-02-05,18:50,10,Express,48,Location_X,5,3
2023-10-28,18:31,37,Regular,31,Location_X,7,2
2023-05-27,08:49,55,Regular,29,Location_X,8,2
2023-08-07,20:05,14,Regular,9,Location_X,7,1
2023-01-15,21:28,22,Express,28,Location_X,7,8
2023-07-10,08:34,32,Regular,7,Location_X,7,8
2023-01-14,08:36,18,Regular,8,Location_X,1,1
2023-05-30,11:33,36,Regular,27,Location_X,8,4
2023-11-25,17:03,46,Regular,12,Location_X,6,7
2023-05-23,20:47,52,Regular,38,Location_X,3,5
2023-06-28,19:36,59,Regular,30,Location_X,3,9
2023-02-15,10:32,9,Regular,21,Location_X,5,2
2023-06-23,19:20,26,Regular,30,Location_X,1,5
2023-07-24,19:43,22,Regular,29,Location_X,5,6
2023-03-26,13:39,46,Regular,24,Location_X,8,5
2023-09-12,11:11,38,Regular,10,Location_X,4,3
2023-10-20,21:58,23,Regular,1,Location_X,9,7
2023-10-09,17:46,17,Express,39,Location_X,7,4
2023-09-22,20:13,26,Express,20,Location_X,7,3
2023-05-19,20:00,47,Regular,8,Location_X,6,3
2023-07-06,13:37,56,Express,39,Location_X,3,4
2022-12-08,10:45,38,Express,4,Location_X,7,1
2023-01-05,13:50,2,Express,31,Location_X,7,1
2023-08-13,10:09,6,Regular,38,Location_X,6,7
2023-08-07,10:05,7,Express,42,Location_X,1,5
2023-06-03,16:13,13,Express,6,Location_X,3,4
2023-03-11,16:31,27,Regular,17,Location_X,2,1
2023-08-06,08:04,11,Express,27,Location_X,7,1
2023-05-16,19:29,55,Express,32,Location_X,2,9
2023-09-25,08:24,15,Express,7,Location_X,5,9
2023-09-30,13:24,9,Express,26,Location_X,3,3
2023-10-16,13:16,8,Regular,12,Location_X,2,5
2023-08-16,11:02,46,Express,18,Location_X,6,5
2023-08-12,18:39,6,Regular,32,Location_X,3,9
2022-12-05,19:58,48,Express,32,Location_X,2,6
2023-07-26,10:26,43,Express,21,Location_X,6,9
2023-09-27,13:48,4,Express,27,Location_X,3,3
2023-05-14,15:33,11,Express,40,Location_X,7,7
2023-03-28,14:21,51,Express,11,Location_X,7,7
2023-07-07,15:53,58,Regular,39,Location_X,3,1
2023-09-19,22:21,28,Regular,5,Location_X,1,2
2023-09-21,19:28,26,Regular,40,Location_X,5,6
2023-03-21,13:42,4,Express,16,Location_X,6,4
2023-10-13,13:46,15,Regular,14,Location_X,8,4
2023-09-30,15:14,19,Express,36,Location_X,4,5
2023-06-09,20:54,6,Regular,39,Location_X,7,2
2023-05-05,08:06,59,Regular,12,Location_X,6,3
2023-06-25,14:17,5,Regular,40,Location_X,6,5
2023-02-04,12:34,18,Express,12,Location_X,3,9
2023-03-23,08:30,6,Regular,49,Location_X,1,2
2023-08-13,15:37,31,Express,37,Location_X,6,4
2023-06-08,10:46,25,Regular,19,Location_X,2,1
2023-07-24,15:27,4,Express,12,Location_X,4,8
2023-11-05,13:50,6,Express,35,Location_X,1,9
2023-11-15,15:07,41,Express,17,Location_X,8,3
2023-01-11,12:12,37,Express,29,Location_X,2,2
2023-02-10,12:28,59,Express,10,Location_X,4,7
2022-11-27,12:51,50,Express,38,Location_X,7,9
2023-08-26,21:43,56,Express,9,Location_X,6,3
2023-06-20,18:01,25,Express,18,Location_X,7,9
2023-08-24,15:17,34,Express,49,Location_X,7,2
2023-03-15,21:34,19,Express,45,Location_X,2,8
2023-02-01,15:58,34,Regular,29,Location_X,6,5
2022-11-30,22:24,15,Express,26,Location_X,5,5
2022-12-31,17:40,50,Regular,31,Location_X,8,3
2023-05-22,17:30,8,Regular,38,Location_X,7,5
2023-06-22,11:40,54,Express,31,Location_X,4,8
2023-11-17,14:56,44,Regular,19,Location_X,3,4
2023-04-30,13:58,47,Express,13,Location_X,4,5
2023-06-01,12:21,49,Express,2,Location_X,7,8
2023-05-26,12:28,53,Regular,28,Location_X,6,1
2023-05-04,22:38,34,Express,11,Location_X,8,5
2023-05-19,18:31,18,Regular,4,Location_X,8,5
2023-10-03,17:29,30,Regular,17,Location_X,7,9
2023-03-02,16:43,13,Regular,28,Location_X,7,8
2023-01-13,10:00,55,Regular,7,Location_X,6,9
2023-02-10,10:06,47,Express,1,Location_X,9,6
2023-05-23,11:39,55,Express,8,Location_X,6,7
2023-11-23,16:09,33,Express,26,Location_X,4,3
2023-09-17,15:37,35,Regular,4,Location_X,8,9
2023-09-04,09:17,52,Express,37,Location_X,3,9
2023-06-20,11:55,24,Regular,45,Location_X,8,9
2023-08-15,12:51,26,Regular,22,Location_X,3,1
2023-11-25,15:28,47,Regular,9,Location_X,6,1
2023-11-08,11:52,51,Regular,48,Location_X,1,2
2022-12-24,09:03,44,Regular,39,Location_X,3,1
2023-08-08,16:54,53,Regular,43,Location_X,9,6
2023-01-10,10:27,42,Express,34,Location_X,2,9
2023-08-04,15:32,47,Express,37,Location_X,9,4
2023-03-02,20:46,1,Express,5,Location_X,3,1
2023-09-11,20:06,13,Regular,28,Location_X,9,5
2023-05-06,19:27,55,Regular,14,Location_X,7,3
2023-10-23,13:43,10,Express,14,Location_X,9,2
2023-01-24,14:01,19,Express,42,Location_X,4,9
2023-06-02,18:24,5,Express,9,Location_X,7,5
2022-11-29,20:01,8,Regular,7,Location_X,5,2
2023-01-08,17:03,4,Express,31,Location_X,1,7
2023-03-24,16:04,49,Express,13,Location_X,7,2
2023-10-18,21:06,13,Regular,35,Location_X,7,3
2023-08-16,20:16,38,Regular,4,Location_X,4,4
2023-06-28,15:57,53,Express,41,Location_X,5,1
2023-06-03,16:51,46,Express,17,Location_X,9,5
2023-08-28,21:01,49,Regular,6,Location_X,7,6
2023-01-28,20:05,46,Regular,41,Location_X,1,4
2023-10-07,08:44,19,Regular,30,Location_X,1,9
2023-08-01,12:28,52,Regular,23,Location_X,4,8
2023-05-04,19:32,50,Express,38,Location_X,6,9
2023-07-01,21:28,8,Express,24,Location_X,8,9
2023-08-07,11:03,27,Express,37,Location_X,1,3
2023-07-03,12:46,50,Express,44,Location_X,9,6
2023-07-03,22:11,47,Express,35,Location_X,1,4
2023-09-11,14:30,30,Regular,7,Location_X,2,8
2023-05-07,10:09,4,Regular,7,Location_X,5,7
2023-04-04,09:54,11,Express,25,Location_X,1,4
2023-02-04,22:26,21,Regular,13,Location_X,3,6
2023-01-24,22:38,43,Express,18,Location_X,5,6
2023-07-16,20:56,2,Express,32,Location_X,9,5
2023-06-26,14:50,56,Express,49,Location_X,3,4
2023-03-22,22:32,21,Express,38,Location_X,3,3
2023-03-23,19:59,17,Regular,1,Location_X,8,2
2023-06-29,15:29,43,Express,11,Location_X,7,7
2023-04-17,10:38,51,Express,45,Location_X,4,1
2023-10-23,11:37,29,Express,5,Location_X,3,1
2022-12-12,12:51,27,Regular,32,Location_X,7,7
2023-05-08,12:09,24,Express,11,Location_X,6,4
2023-09-12,15:04,53,Regular,30,Location_X,5,9
2023-04-15,14:16,49,Regular,34,Location_X,4,4
2023-11-15,22:18,3,Express,42,Location_X,4,4
2023-09-25,15:56,39,Regular,49,Location_X,8,8
2023-09-10,08:52,10,Regular,14,Location_X,5,5
2023-08-17,21:17,3,Express,20,Location_X,5,9
2023-07-14,21:52,53,Express,42,Location_X,6,7
2023-11-12,18:30,45,Regular,13,Location_X,5,7
2023-04-18,08:02,42,Express,45,Location_X,2,8
2022-12-25,12:44,26,Regular,44,Location_X,2,3
2023-07-01,13:30,54,Express,17,Location_X,8,6
2022-11-29,08:18,37,Express,38,Location_X,1,5
2023-09-07,08:52,27,Express,15,Location_X,1,1
2023-09-30,13:14,5,Regular,37,Location_X,6,6
2023-11-22,22:46,42,Regular,5,Location_X,8,7
2023-03-03,13:04,11,Regular,48,Location_X,1,7
2023-01-25,14:40,13,Express,1,Location_X,6,9
2023-07-03,17:20,41,Regular,38,Location_X,3,6
2023-11-20,16:49,34,Express,12,Location_X,1,3
2022-12-04,13:05,38,Express,45,Location_X,8,4
2023-09-12,19:36,40,Regular,6,Location_X,6,8
2023-11-03,18:15,33,Express,41,Location_X,1,4
2023-03-05,14:23,59,Regular,47,Location_X,4,6
2022-12-08,22:07,34,Express,17,Location_X,6,2
2023-05-11,22:23,27,Regular,17,Location_X,4,2
2023-05-01,09:14,36,Express,11,Location_X,3,1
2022-12-28,17:20,26,Express,6,Location_X,3,5
2023-03-03,14:47,51,Regular,24,Location_X,1,4
2023-07-14,14:32,25,Regular,48,Location_X,9,4
2023-02-10,12:58,19,Express,4,Location_X,4,5
2023-02-28,18:25,21,Regular,39,Location_X,7,4
2023-09-04,08:59,31,Express,49,Location_X,5,6
2023-07-24,15:22,29,Express,19,Location_X,4,9
2023-05-19,18:43,9,Express,31,Location_X,5,2
2022-12-31,11:30,19,Express,17,Location_X,2,4
2023-06-05,16:09,26,Express,32,Location_X,1,1
2023-11-20,13:37,25,Regular,43,Location_X,2,7
2023-11-22,19:03,40,Regular,48,Location_X,2,5
2023-07-07,14:46,43,Regular,22,Location_X,8,8
2023-08-04,17:08,29,Express,34,Location_X,3,7
2023-07-28,19:48,25,Regular,11,Location_X,8,6
2023-01-09,11:32,19,Regular,45,Location_X,1,7
2023-06-11,11:37,4,Regular,32,Location_X,2,1
2023-10-03,09:10,45,Express,20,Location_X,9,8
2023-11-25,17:46,20,Regular,3,Location_X,1,8
2023-06-24,20:43,46,Regular,20,Location_X,4,2
2023-08-21,09:17,55,Regular,32,Location_X,6,1
2023-08-27,11:26,1,Express,20,Location_X,2,3
2023-07-03,16:54,11,Regular,40,Location_X,3,7
2023-07-27,15:15,4,Express,40,Location_X,2,7
2022-12-29,15:29,7,Express,34,Location_X,5,8
2023-01-02,15:07,28,Regular,45,Location_X,8,5
2023-02-08,21:16,36,Express,45,Location_X,9,4
2023-02-25,17:53,58,Regular,31,Location_X,5,4
2023-04-26,12:05,7,Express,40,Location_X,5,6
2023-11-25,11:13,20,Regular,13,Location_X,7,2
2022-12-25,08:26,35,Regular,17,Location_X,6,1
2023-05-25,08:36,51,Express,17,Location_X,2,2
2023-02-07,20:51,51,Regular,7,Location_X,1,3
2023-08-07,20:36,39,Express,5,Location_X,2,6
2023-05-26,18:37,21,Regular,46,Location_X,1,5
2023-10-30,17:34,44,Express,21,Location_X,4,3
2023-09-11,09:23,55,Express,31,Location_X,6,7
2023-08-10,18:37,1,Express,13,Location_X,6,5
2023-01-16,13:57,37,Express,34,Location_X,7,2
2023-11-21,19:44,46,Express,27,Location_X,3,1
2023-10-31,15:23,42,Regular,19,Location_X,6,8
2023-10-25,18:47,3,Regular,7,Location_X,8,9
2023-08-05,12:14,34,Express,3,Location_X,6,3
2023-01-05,20:21,13,Regular,27,Location_X,9,9
2023-03-07,21:12,16,Regular,47,Location_X,2,6
2023-02-02,20:23,55,Express,26,Location_X,6,4
2022-12-02,17:59,34,Express,14,Location_X,9,3
2023-07-04,20:18,24,Express,28,Location_X,2,3
2022-12-28,09:08,13,Express,38,Location_X,5,7
2023-04-27,13:46,6,Regular,46,Location_X,1,9
2023-05-30,17:42,39,Regular,22,Location_X,3,2
2023-04-11,16:26,2,Express,44,Location_X,1,5
2023-02-19,16:39,11,Regular,6,Location_X,8,2
2023-09-14,14:07,7,Regular,26,Location_X,4,4
2022-12-04,22:24,7,Express,13,Location_X,9,8
2023-04-27,09:23,39,Regular,7,Location_X,8,4
2023-10-18,14:58,39,Regular,48,Location_X,8,1
2023-02-05,16:30,12,Express,10,Location_X,9,8
2023-09-07,09:48,51,Regular,11,Location_X,2,4
2023-07-04,14:38,22,Regular,9,Location_X,9,1
2023-10-24,12:36,51,Regular,27,Location_X,1,9
2023-05-11,09:44,51,Express,17,Location_X,8,4
2023-06-13,11:13,52,Express,32,Location_X,8,8
2023-07-15,18:00,3,Regular,31,Location_X,7,5
2023-09-03,15:19,13,Express,38,Location_X,6,2
2023-10-13,20:16,30,Regular,39,Location_X,9,7
2023-11-01,15:32,10,Express,49,Location_X,6,5
2023-11-20,12:37,52,Regular,7,Location_X,5,4
2023-05-26,11:06,9,Express,49,Location_X,1,7
2023-07-04,09:45,6,Regular,7,Location_X,2,7
2023-05-15,18:44,53,Regular,2,Location_X,9,5
2023-10-09,13:36,54,Express,48,Location_X,1,3
2023-07-14,14:07,44,Regular,2,Location_X,4,8
2023-04-11,09:35,2,Regular,22,Location_X,8,4
2023-06-22,08:19,44,Express,47,Location_X,4,2
2023-11-15,08:18,16,Express,1,Location_X,8,1
